дата;точка;новых_гостей;повторных;заказов_новых;заказов_повторных
2025-01-01;Лазарева;27;22;27;22
2025-01-01;Левітана;32;37;32;37
2025-01-02;Лазарева;10;20;10;20
2025-01-02;Левітана;13;43;13;43
2025-01-03;Лазарева;10;34;10;34
2025-01-03;Левітана;7;40;7;40
2025-01-04;Лазарева;10;36;10;36
2025-01-04;Левітана;12;48;12;48
2025-01-05;Лазарева;11;27;11;28
2025-01-05;Левітана;4;41;4;41
2025-01-06;Лазарева;4;24;4;24
2025-01-06;Левітана;6;52;6;52
2025-01-07;Лазарева;11;28;11;28
2025-01-07;Левітана;18;30;18;30
2025-01-08;Лазарева;8;31;9;31
2025-01-08;Левітана;4;43;4;44
2025-01-09;Лазарева;9;24;9;24
2025-01-09;Левітана;7;34;7;34
2025-01-10;Лазарева;9;35;9;36
2025-01-10;Левітана;10;56;10;56
2025-01-11;Лазарева;12;43;12;43
2025-01-11;Левітана;8;54;8;54
2025-01-12;Лазарева;17;33;17;33
2025-01-12;Левітана;16;43;16;43
2025-01-13;Лазарева;11;27;11;27
2025-01-13;Левітана;10;34;10;35
2025-01-14;Лазарева;8;32;8;32
2025-01-14;Левітана;9;31;9;32
2025-01-15;Лазарева;10;24;10;24
2025-01-15;Левітана;5;39;5;39
2025-01-16;Лазарева;9;32;9;32
2025-01-16;Левітана;18;36;18;36
2025-01-17;Лазарева;15;59;15;59
2025-01-17;Левітана;14;69;14;70
2025-01-18;Лазарева;16;62;16;62
2025-01-18;Левітана;14;70;15;70
2025-01-19;Лазарева;14;59;14;59
2025-01-19;Левітана;14;54;14;54
2025-01-20;Лазарева;3;30;3;30
2025-01-20;Левітана;8;31;8;31
2025-01-21;Лазарева;6;29;6;29
2025-01-21;Левітана;10;38;10;38
2025-01-22;Лазарева;7;30;7;30
2025-01-22;Левітана;11;43;11;43
2025-01-23;Лазарева;8;45;8;45
2025-01-23;Левітана;10;29;10;29
2025-01-24;Лазарева;11;58;11;58
2025-01-24;Левітана;22;52;22;52
2025-01-25;Лазарева;19;46;19;46
2025-01-25;Левітана;18;73;18;73
2025-01-26;Лазарева;12;43;12;43
2025-01-26;Левітана;18;46;18;47
2025-01-27;Лазарева;9;31;9;33
2025-01-27;Левітана;8;38;8;38
2025-01-28;Лазарева;10;40;10;40
2025-01-28;Левітана;13;38;13;38
2025-01-29;Лазарева;14;32;14;33
2025-01-29;Левітана;11;33;11;34
2025-01-30;Лазарева;8;38;8;38
2025-01-30;Левітана;13;39;13;40
2025-01-31;Лазарева;12;44;12;44
2025-01-31;Левітана;11;62;11;62
2025-02-01;Лазарева;23;50;23;51
2025-02-01;Левітана;22;53;22;53
2025-02-02;Лазарева;10;45;10;45
2025-02-02;Левітана;14;58;14;58
2025-02-03;Лазарева;9;22;9;22
2025-02-03;Левітана;8;38;8;38
2025-02-04;Лазарева;8;31;8;32
2025-02-04;Левітана;9;33;9;34
2025-02-05;Лазарева;9;36;9;36
2025-02-05;Левітана;12;36;12;36
2025-02-06;Лазарева;7;28;8;28
2025-02-06;Левітана;7;37;7;37
2025-02-07;Лазарева;13;57;13;57
2025-02-07;Левітана;17;52;17;52
2025-02-08;Лазарева;12;51;12;52
2025-02-08;Левітана;13;44;13;44
2025-02-09;Лазарева;16;46;17;46
2025-02-09;Левітана;18;56;18;57
2025-02-10;Лазарева;7;35;7;35
2025-02-10;Левітана;14;35;14;35
2025-02-11;Лазарева;6;24;6;24
2025-02-11;Левітана;8;24;8;24
2025-02-12;Лазарева;9;32;10;32
2025-02-12;Левітана;10;38;10;39
2025-02-13;Лазарева;12;34;12;34
2025-02-13;Левітана;6;32;6;32
2025-02-14;Лазарева;39;126;40;127
2025-02-14;Левітана;43;123;43;124
2025-02-15;Лазарева;59;60;59;60
2025-02-15;Левітана;38;80;38;80
2025-02-16;Лазарева;21;43;21;43
2025-02-16;Левітана;21;52;21;52
2025-02-17;Лазарева;6;29;6;29
2025-02-17;Левітана;6;34;6;34
2025-02-18;Лазарева;11;25;11;25
2025-02-18;Левітана;9;42;9;43
2025-02-19;Лазарева;10;29;10;29
2025-02-19;Левітана;8;41;8;41
2025-02-20;Лазарева;9;42;9;42
2025-02-20;Левітана;9;33;9;33
2025-02-21;Лазарева;10;52;10;54
2025-02-21;Левітана;14;65;14;65
2025-02-22;Лазарева;15;45;15;45
2025-02-22;Левітана;14;62;14;63
2025-02-23;Лазарева;16;49;16;49
2025-02-23;Левітана;20;54;20;54
2025-02-24;Лазарева;10;27;10;28
2025-02-24;Левітана;9;26;9;27
2025-02-25;Лазарева;7;33;7;33
2025-02-25;Левітана;6;29;6;29
2025-02-26;Лазарева;8;20;8;21
2025-02-26;Левітана;4;34;5;34
2025-02-27;Лазарева;10;35;10;36
2025-02-27;Левітана;10;33;10;33
2025-02-28;Лазарева;11;50;11;50
2025-02-28;Левітана;10;62;10;62
2025-03-01;Лазарева;16;52;16;52
2025-03-01;Левітана;13;69;13;69
2025-03-02;Лазарева;44;55;44;56
2025-03-02;Левітана;41;65;41;65
2025-03-03;Лазарева;4;26;4;26
2025-03-03;Левітана;7;32;7;32
2025-03-04;Лазарева;7;30;7;30
2025-03-04;Левітана;14;45;14;46
2025-03-05;Лазарева;4;36;4;36
2025-03-05;Левітана;14;47;14;48
2025-03-06;Лазарева;9;37;9;37
2025-03-06;Левітана;12;35;12;35
2025-03-07;Лазарева;14;58;14;59
2025-03-07;Левітана;15;57;15;58
2025-03-08;Лазарева;50;121;50;121
2025-03-08;Левітана;54;139;55;140
2025-03-09;Лазарева;11;40;11;40
2025-03-09;Левітана;13;57;13;57
2025-03-10;Лазарева;6;43;6;44
2025-03-10;Левітана;11;35;11;35
2025-03-11;Лазарева;10;28;10;28
2025-03-11;Левітана;12;27;12;28
2025-03-12;Лазарева;3;21;3;21
2025-03-12;Левітана;6;28;6;28
2025-03-13;Лазарева;10;34;10;34
2025-03-13;Левітана;11;38;11;38
2025-03-14;Лазарева;15;52;15;54
2025-03-14;Левітана;5;56;5;56
2025-03-15;Лазарева;9;48;9;48
2025-03-15;Левітана;13;58;13;58
2025-03-16;Лазарева;8;45;8;45
2025-03-16;Левітана;5;45;5;46
2025-03-17;Лазарева;13;21;13;21
2025-03-17;Левітана;9;39;9;39
2025-03-18;Лазарева;7;30;7;30
2025-03-18;Левітана;7;35;7;35
2025-03-19;Лазарева;9;34;9;34
2025-03-19;Левітана;5;44;5;44
2025-03-20;Лазарева;8;37;8;37
2025-03-20;Левітана;9;39;9;39
2025-03-21;Лазарева;15;59;15;60
2025-03-21;Левітана;10;42;10;42
2025-03-22;Лазарева;12;48;12;49
2025-03-22;Левітана;14;58;14;58
2025-03-23;Лазарева;8;41;8;41
2025-03-23;Левітана;13;44;13;44
2025-03-24;Лазарева;10;38;10;38
2025-03-24;Левітана;8;35;8;35
2025-03-25;Лазарева;3;36;3;36
2025-03-25;Левітана;10;24;10;24
2025-03-26;Лазарева;8;31;8;31
2025-03-26;Левітана;6;30;6;30
2025-03-27;Лазарева;9;35;9;35
2025-03-27;Левітана;6;43;6;43
2025-03-28;Лазарева;8;52;8;52
2025-03-28;Левітана;21;56;21;56
2025-03-29;Лазарева;19;55;19;55
2025-03-29;Левітана;18;61;18;61
2025-03-30;Лазарева;15;49;15;49
2025-03-30;Левітана;11;50;11;50
2025-03-31;Лазарева;9;38;9;38
2025-03-31;Левітана;5;34;5;34
2025-04-01;Лазарева;8;36;8;36
2025-04-01;Левітана;5;32;5;32
2025-04-02;Лазарева;8;35;8;35
2025-04-02;Левітана;10;25;10;25
2025-04-03;Лазарева;13;36;13;36
2025-04-03;Левітана;16;48;16;48
2025-04-04;Лазарева;11;48;11;49
2025-04-04;Левітана;24;52;24;53
2025-04-05;Лазарева;9;43;9;45
2025-04-05;Левітана;11;60;11;61
2025-04-06;Лазарева;14;54;15;54
2025-04-06;Левітана;14;70;14;71
2025-04-07;Лазарева;5;31;5;31
2025-04-07;Левітана;6;34;6;35
2025-04-08;Лазарева;6;38;6;38
2025-04-08;Левітана;8;38;9;38
2025-04-09;Лазарева;12;34;12;34
2025-04-09;Левітана;8;43;8;43
2025-04-10;Лазарева;23;45;23;45
2025-04-10;Левітана;14;58;14;59
2025-04-11;Лазарева;26;64;27;65
2025-04-11;Левітана;16;67;16;67
2025-04-12;Лазарева;13;61;13;61
2025-04-12;Левітана;10;64;10;64
2025-04-13;Лазарева;17;51;22;51
2025-04-13;Левітана;11;51;11;51
2025-04-14;Лазарева;9;25;9;25
2025-04-14;Левітана;5;36;5;36
2025-04-15;Лазарева;14;44;14;44
2025-04-15;Левітана;8;40;8;40
2025-04-16;Лазарева;11;38;16;38
2025-04-16;Левітана;12;41;12;41
2025-04-17;Лазарева;8;45;11;45
2025-04-17;Левітана;12;43;12;43
2025-04-18;Лазарева;6;44;11;47
2025-04-18;Левітана;10;59;10;59
2025-04-19;Лазарева;7;33;8;34
2025-04-19;Левітана;11;44;11;44
2025-04-20;Лазарева;12;34;16;35
2025-04-20;Левітана;11;25;11;25
2025-04-21;Лазарева;8;25;11;25
2025-04-21;Левітана;9;38;9;38
2025-04-22;Лазарева;7;34;7;34
2025-04-22;Левітана;6;26;6;26
2025-04-23;Лазарева;15;37;19;37
2025-04-23;Левітана;10;30;10;30
2025-04-24;Лазарева;12;44;16;45
2025-04-24;Левітана;8;37;8;37
2025-04-25;Лазарева;13;69;13;69
2025-04-25;Левітана;17;54;17;55
2025-04-26;Лазарева;25;56;28;58
2025-04-26;Левітана;12;57;12;57
2025-04-27;Лазарева;9;47;15;47
2025-04-27;Левітана;19;44;19;44
2025-04-28;Лазарева;12;34;12;34
2025-04-28;Левітана;6;37;6;37
2025-04-29;Лазарева;8;36;8;36
2025-04-29;Левітана;7;33;7;33
2025-04-30;Лазарева;14;38;17;38
2025-04-30;Левітана;9;42;9;42
2025-05-01;Лазарева;12;59;15;61
2025-05-01;Левітана;19;41;20;41
2025-05-02;Лазарева;17;51;23;51
2025-05-02;Левітана;12;51;12;52
2025-05-03;Лазарева;16;52;21;54
2025-05-03;Левітана;4;51;4;51
2025-05-04;Лазарева;13;49;15;50
2025-05-04;Левітана;12;52;12;52
2025-05-05;Лазарева;11;25;11;25
2025-05-05;Левітана;4;44;4;45
2025-05-06;Лазарева;12;40;12;40
2025-05-06;Левітана;8;29;8;29
2025-05-07;Лазарева;31;41;37;41
2025-05-07;Левітана;16;47;16;47
2025-05-08;Лазарева;11;40;11;40
2025-05-08;Левітана;11;48;11;49
2025-05-09;Лазарева;17;51;17;51
2025-05-09;Левітана;18;68;18;69
2025-05-10;Лазарева;12;64;12;64
2025-05-10;Левітана;9;48;9;48
2025-05-11;Лазарева;18;49;18;50
2025-05-11;Левітана;22;61;22;61
2025-05-12;Лазарева;7;36;7;36
2025-05-12;Левітана;6;34;6;34
2025-05-13;Лазарева;10;48;10;48
2025-05-13;Левітана;11;37;11;38
2025-05-14;Лазарева;13;39;13;39
2025-05-14;Левітана;11;33;11;33
2025-05-15;Лазарева;17;33;17;33
2025-05-15;Левітана;8;47;8;47
2025-05-16;Лазарева;17;64;19;67
2025-05-16;Левітана;12;51;12;51
2025-05-17;Лазарева;30;57;32;59
2025-05-17;Левітана;21;71;21;72
2025-05-18;Лазарева;12;40;12;40
2025-05-18;Левітана;7;56;7;56
2025-05-19;Лазарева;10;40;18;42
2025-05-19;Левітана;8;25;8;26
2025-05-20;Лазарева;9;37;14;39
2025-05-20;Левітана;3;30;3;31
2025-05-21;Лазарева;13;31;21;33
2025-05-21;Левітана;11;41;11;41
2025-05-22;Лазарева;12;51;20;53
2025-05-22;Левітана;8;43;8;43
2025-05-23;Лазарева;9;53;16;58
2025-05-23;Левітана;14;51;14;51
2025-05-24;Лазарева;10;44;18;44
2025-05-24;Левітана;10;59;10;59
2025-05-25;Лазарева;8;44;11;45
2025-05-25;Левітана;20;55;20;55
2025-05-26;Лазарева;17;39;23;40
2025-05-26;Левітана;14;28;14;29
2025-05-27;Лазарева;13;54;17;54
2025-05-27;Левітана;13;35;13;35
2025-05-28;Лазарева;20;37;20;38
2025-05-28;Левітана;17;55;17;55
2025-05-29;Лазарева;11;45;17;46
2025-05-29;Левітана;21;43;21;43
2025-05-30;Лазарева;18;60;22;62
2025-05-30;Левітана;16;73;16;73
2025-05-31;Лазарева;19;53;20;54
2025-05-31;Левітана;14;65;14;65
2025-06-01;Лазарева;22;56;23;56
2025-06-01;Левітана;10;52;10;52
2025-06-02;Лазарева;12;31;23;32
2025-06-02;Левітана;11;26;11;26
2025-06-03;Лазарева;8;37;14;41
2025-06-03;Левітана;6;35;6;35
2025-06-04;Лазарева;12;41;21;44
2025-06-04;Левітана;7;35;7;36
2025-06-05;Лазарева;12;39;14;39
2025-06-05;Левітана;7;44;7;44
2025-06-06;Лазарева;16;50;23;51
2025-06-06;Левітана;17;57;17;57
2025-06-07;Лазарева;17;40;20;40
2025-06-07;Левітана;7;62;7;63
2025-06-08;Лазарева;10;43;13;44
2025-06-08;Левітана;14;55;14;56
2025-06-09;Лазарева;12;40;13;40
2025-06-09;Левітана;9;36;9;36
2025-06-10;Лазарева;12;43;18;43
2025-06-10;Левітана;10;38;10;38
2025-06-11;Лазарева;12;36;20;36
2025-06-11;Левітана;12;40;12;40
2025-06-12;Лазарева;22;49;24;50
2025-06-12;Левітана;6;30;6;30
2025-06-13;Лазарева;26;49;32;49
2025-06-13;Левітана;16;66;16;66
2025-06-14;Лазарева;31;57;37;59
2025-06-14;Левітана;34;67;34;68
2025-06-15;Лазарева;13;53;20;53
2025-06-15;Левітана;15;51;15;51
2025-06-16;Лазарева;8;36;12;37
2025-06-16;Левітана;4;37;4;37
2025-06-17;Лазарева;9;37;15;37
2025-06-17;Левітана;18;37;18;37
2025-06-18;Лазарева;15;38;29;38
2025-06-18;Левітана;10;44;10;44
2025-06-19;Лазарева;14;42;21;42
2025-06-19;Левітана;13;47;13;47
2025-06-20;Лазарева;21;58;33;59
2025-06-20;Левітана;18;58;18;58
2025-06-21;Лазарева;17;63;21;65
2025-06-21;Левітана;20;55;20;55
2025-06-22;Лазарева;14;47;25;47
2025-06-22;Левітана;17;64;18;64
2025-06-23;Лазарева;9;29;15;31
2025-06-23;Левітана;14;36;14;36
2025-06-24;Левітана;27;71;28;71
2025-06-25;Лазарева;6;31;10;31
2025-06-25;Левітана;11;47;12;48
2025-06-26;Лазарева;12;38;20;38
2025-06-26;Левітана;15;46;16;46
2025-06-27;Лазарева;13;47;20;49
2025-06-27;Левітана;11;68;11;71
2025-06-28;Лазарева;16;50;21;51
2025-06-28;Левітана;11;49;11;49
2025-06-29;Лазарева;9;36;16;36
2025-06-29;Левітана;18;54;18;54
2025-06-30;Лазарева;9;36;15;36
2025-06-30;Левітана;11;37;11;38
2025-07-01;Лазарева;17;44;24;45
2025-07-01;Левітана;9;42;9;43
2025-07-02;Лазарева;8;39;11;40
2025-07-02;Левітана;12;38;12;38
2025-07-03;Лазарева;13;33;20;35
2025-07-03;Левітана;12;39;12;39
2025-07-04;Лазарева;18;50;25;52
2025-07-04;Левітана;24;70;24;70
2025-07-05;Лазарева;15;55;24;55
2025-07-05;Левітана;9;57;9;57
2025-07-06;Лазарева;10;56;15;56
2025-07-06;Левітана;22;58;22;59
2025-07-07;Лазарева;16;24;30;25
2025-07-07;Левітана;20;43;20;43
2025-07-08;Лазарева;24;38;34;38
2025-07-08;Левітана;14;39;15;40
2025-07-09;Лазарева;17;45;24;45
2025-07-09;Левітана;14;48;14;48
2025-07-10;Лазарева;14;40;20;41
2025-07-10;Левітана;27;43;27;43
2025-07-11;Лазарева;18;54;20;54
2025-07-11;Левітана;14;51;14;51
2025-07-12;Лазарева;18;50;25;50
2025-07-12;Левітана;24;67;24;67
2025-07-13;Лазарева;19;47;31;47
2025-07-13;Левітана;16;50;16;50
2025-07-14;Лазарева;13;27;20;28
2025-07-14;Левітана;20;46;20;46
2025-07-15;Лазарева;23;34;27;34
2025-07-15;Левітана;13;61;13;62
2025-07-16;Лазарева;19;42;21;43
2025-07-16;Левітана;20;49;21;49
2025-07-17;Лазарева;10;36;22;37
2025-07-17;Левітана;13;49;13;49
2025-07-18;Лазарева;15;39;31;40
2025-07-18;Левітана;17;58;17;58
2025-07-19;Лазарева;20;49;31;49
2025-07-19;Левітана;14;58;15;58
2025-07-20;Лазарева;18;35;23;35
2025-07-20;Левітана;16;53;16;53
2025-07-21;Лазарева;23;43;32;43
2025-07-21;Левітана;18;47;18;47
2025-07-22;Лазарева;31;38;38;38
2025-07-22;Левітана;25;53;25;53
2025-07-23;Лазарева;12;38;19;40
2025-07-23;Левітана;16;35;16;35
2025-07-24;Лазарева;15;48;23;48
2025-07-24;Левітана;23;40;23;40
2025-07-25;Лазарева;14;52;18;53
2025-07-25;Левітана;22;59;22;60
2025-07-26;Лазарева;15;45;16;45
2025-07-26;Левітана;26;59;26;59
2025-07-27;Лазарева;23;41;30;41
2025-07-27;Левітана;48;72;48;72
2025-07-28;Лазарева;18;40;26;40
2025-07-28;Левітана;25;54;25;55
2025-07-29;Лазарева;13;45;20;46
2025-07-29;Левітана;19;40;19;42
2025-07-30;Лазарева;14;40;19;40
2025-07-30;Левітана;17;44;17;44
2025-07-31;Лазарева;18;29;25;29
2025-07-31;Левітана;17;39;17;39
2025-08-01;Лазарева;9;52;17;52
2025-08-01;Левітана;18;83;18;83
2025-08-02;Лазарева;20;49;30;50
2025-08-02;Левітана;25;75;25;76
2025-08-03;Лазарева;20;48;30;50
2025-08-03;Левітана;18;44;18;44
2025-08-04;Лазарева;18;38;31;38
2025-08-04;Левітана;14;39;14;40
2025-08-05;Лазарева;12;35;22;36
2025-08-05;Левітана;17;57;17;59
2025-08-06;Лазарева;13;39;26;40
2025-08-06;Левітана;23;56;23;56
2025-08-07;Лазарева;13;37;18;37
2025-08-07;Левітана;27;58;27;60
2025-08-08;Лазарева;35;59;42;59
2025-08-08;Левітана;25;57;26;57
2025-08-09;Лазарева;22;50;25;50
2025-08-09;Левітана;34;62;34;62
2025-08-10;Лазарева;17;56;19;56
2025-08-10;Левітана;33;58;33;59
2025-08-11;Лазарева;14;36;14;36
2025-08-11;Левітана;34;52;34;52
2025-08-12;Лазарева;24;43;25;43
2025-08-12;Левітана;25;47;26;48
2025-08-13;Лазарева;14;38;20;38
2025-08-13;Левітана;17;47;17;47
2025-08-14;Лазарева;16;47;21;47
2025-08-14;Левітана;27;47;27;47
2025-08-15;Лазарева;24;76;28;76
2025-08-15;Левітана;14;76;14;76
2025-08-16;Лазарева;22;49;29;49
2025-08-16;Левітана;32;65;32;65
2025-08-17;Лазарева;32;57;34;57
2025-08-17;Левітана;37;64;37;65
2025-08-18;Лазарева;25;44;29;45
2025-08-18;Левітана;29;57;29;57
2025-08-19;Лазарева;10;41;13;41
2025-08-19;Левітана;24;67;24;67
2025-08-20;Лазарева;21;50;21;53
2025-08-20;Левітана;32;40;32;40
2025-08-21;Лазарева;24;28;24;30
2025-08-21;Левітана;20;59;20;61
2025-08-22;Лазарева;19;62;19;65
2025-08-22;Левітана;34;67;35;67
2025-08-23;Лазарева;23;52;23;56
2025-08-23;Левітана;33;71;33;71
2025-08-24;Лазарева;40;56;40;58
2025-08-24;Левітана;31;75;31;75
2025-08-25;Лазарева;16;43;16;43
2025-08-25;Левітана;20;63;20;63
2025-08-26;Лазарева;17;37;19;37
2025-08-26;Левітана;22;51;22;51
2025-08-27;Лазарева;16;47;16;50
2025-08-27;Левітана;16;46;16;46
2025-08-28;Лазарева;24;39;24;41
2025-08-28;Левітана;10;46;10;46
2025-08-29;Лазарева;25;60;25;63
2025-08-29;Левітана;24;80;24;81
2025-08-30;Лазарева;33;51;33;53
2025-08-30;Левітана;23;55;23;55
2025-08-31;Лазарева;27;50;28;52
2025-08-31;Левітана;21;69;22;69
2025-09-01;Лазарева;47;58;47;60
2025-09-01;Левітана;21;63;21;63
2025-09-02;Лазарева;19;31;21;31
2025-09-02;Левітана;14;46;14;46
2025-09-03;Лазарева;14;39;14;42
2025-09-03;Левітана;15;36;15;37
2025-09-04;Лазарева;20;34;22;34
2025-09-04;Левітана;22;49;22;50
2025-09-05;Лазарева;17;65;17;68
2025-09-05;Левітана;18;62;18;62
2025-09-06;Лазарева;24;61;24;63
2025-09-06;Левітана;16;76;16;76
2025-09-07;Лазарева;16;50;16;50
2025-09-07;Левітана;33;73;33;74
2025-09-08;Лазарева;14;49;14;52
2025-09-08;Левітана;14;42;14;42
2025-09-09;Лазарева;14;38;14;41
2025-09-09;Левітана;12;49;12;50
2025-09-10;Лазарева;19;55;21;56
2025-09-10;Левітана;17;40;17;40
2025-09-11;Лазарева;19;46;19;49
2025-09-11;Левітана;16;51;16;51
2025-09-12;Лазарева;18;53;18;55
2025-09-12;Левітана;16;59;16;59
2025-09-13;Лазарева;25;37;25;40
2025-09-13;Левітана;13;82;13;82
2025-09-14;Лазарева;17;45;17;45
2025-09-14;Левітана;23;55;23;55
2025-09-15;Лазарева;11;41;11;43
2025-09-15;Левітана;16;38;16;39
2025-09-16;Лазарева;12;39;12;41
2025-09-16;Левітана;15;50;15;51
2025-09-17;Лазарева;27;51;27;55
2025-09-17;Левітана;20;54;20;54
2025-09-18;Лазарева;15;49;15;52
2025-09-18;Левітана;11;53;11;53
2025-09-19;Лазарева;15;55;15;57
2025-09-19;Левітана;10;58;10;59
2025-09-20;Лазарева;21;47;21;49
2025-09-20;Левітана;11;61;11;62
2025-09-21;Лазарева;19;51;19;53
2025-09-21;Левітана;20;46;21;46
2025-09-22;Лазарева;12;40;12;40
2025-09-22;Левітана;17;38;17;38
2025-09-23;Лазарева;11;38;11;42
2025-09-23;Левітана;10;38;10;38
2025-09-24;Лазарева;12;37;12;40
2025-09-24;Левітана;11;34;11;34
2025-09-25;Лазарева;10;42;10;44
2025-09-25;Левітана;8;45;8;45
2025-09-26;Лазарева;22;47;22;49
2025-09-26;Левітана;13;69;13;70
2025-09-27;Лазарева;25;52;25;55
2025-09-27;Левітана;17;78;17;78
2025-09-28;Лазарева;18;40;18;44
2025-09-28;Левітана;13;60;13;61
2025-09-29;Лазарева;13;29;13;30
2025-09-29;Левітана;9;42;9;42
2025-09-30;Лазарева;5;17;5;17
2025-09-30;Левітана;5;10;5;10
2025-10-01;Лазарева;25;46;25;47
2025-10-01;Левітана;16;61;16;61
2025-10-02;Лазарева;24;46;24;46
2025-10-02;Левітана;15;37;15;37
2025-10-03;Лазарева;29;59;29;62
2025-10-03;Левітана;18;53;18;53
2025-10-04;Лазарева;26;45;26;45
2025-10-04;Левітана;27;68;27;69
2025-10-05;Лазарева;19;49;19;49
2025-10-05;Левітана;14;52;14;52
2025-10-06;Лазарева;10;34;10;35
2025-10-06;Левітана;10;31;10;32
2025-10-07;Лазарева;11;43;11;43
2025-10-07;Левітана;11;40;11;40
2025-10-08;Лазарева;21;36;21;37
2025-10-08;Левітана;8;51;8;51
2025-10-09;Лазарева;18;34;19;34
2025-10-09;Левітана;7;36;7;36
2025-10-10;Лазарева;21;65;21;68
2025-10-10;Левітана;16;53;17;53
2025-10-11;Лазарева;12;58;14;60
2025-10-11;Левітана;20;56;20;56
2025-10-12;Лазарева;12;39;12;40
2025-10-12;Левітана;16;58;16;58
2025-10-13;Лазарева;21;38;21;38
2025-10-13;Левітана;13;34;13;34
2025-10-14;Лазарева;14;43;14;43
2025-10-14;Левітана;8;34;8;35
2025-10-15;Лазарева;12;46;12;48
2025-10-15;Левітана;9;41;9;43
2025-10-16;Лазарева;18;44;18;44
2025-10-16;Левітана;9;42;9;42
2025-10-17;Лазарева;15;65;15;69
2025-10-17;Левітана;11;62;11;63
2025-10-18;Лазарева;20;58;21;58
2025-10-18;Левітана;16;67;16;67
2025-10-19;Лазарева;15;35;15;36
2025-10-19;Левітана;13;63;13;63
2025-10-20;Лазарева;16;39;16;39
2025-10-20;Левітана;14;43;14;43
2025-10-21;Лазарева;19;36;19;36
2025-10-21;Левітана;8;35;8;35
2025-10-22;Лазарева;13;46;13;46
2025-10-22;Левітана;13;41;13;41
2025-10-23;Лазарева;18;50;18;52
2025-10-23;Левітана;10;52;10;54
2025-10-24;Лазарева;23;68;23;68
2025-10-24;Левітана;17;57;18;57
2025-10-25;Лазарева;15;60;15;61
2025-10-25;Левітана;14;66;14;66
2025-10-26;Лазарева;12;49;12;49
2025-10-26;Левітана;11;63;11;63
2025-10-27;Лазарева;14;38;14;38
2025-10-27;Левітана;8;35;8;35
2025-10-28;Лазарева;6;41;6;42
2025-10-28;Левітана;12;45;12;45
2025-10-29;Лазарева;6;30;6;30
2025-10-29;Левітана;8;39;8;39
2025-10-30;Лазарева;10;33;10;33
2025-10-30;Левітана;9;48;9;48
2025-10-31;Лазарева;19;57;19;57
2025-10-31;Левітана;15;81;15;81
2025-11-01;Лазарева;14;51;14;51
2025-11-01;Левітана;13;67;13;68
2025-11-02;Лазарева;14;47;14;48
2025-11-02;Левітана;12;49;12;49
2025-11-03;Лазарева;13;48;14;48
2025-11-03;Левітана;15;41;15;42
2025-11-04;Лазарева;17;34;17;34
2025-11-04;Левітана;9;43;9;43
2025-11-05;Лазарева;19;43;19;43
2025-11-05;Левітана;6;56;6;56
2025-11-06;Лазарева;11;38;11;38
2025-11-06;Левітана;11;43;11;43
2025-11-07;Лазарева;11;64;11;65
2025-11-07;Левітана;10;62;10;62
2025-11-08;Лазарева;25;53;25;54
2025-11-08;Левітана;21;78;21;78
2025-11-09;Лазарева;21;45;21;45
2025-11-09;Левітана;14;32;14;32
2025-11-10;Лазарева;10;37;10;37
2025-11-10;Левітана;9;34;9;34
2025-11-11;Левітана;10;77;10;77
2025-11-12;Левітана;12;77;13;77
2025-11-13;Левітана;15;82;15;82
2025-11-14;Левітана;25;97;25;99
2025-11-15;Левітана;22;85;22;86
2025-11-16;Левітана;32;97;32;97
2025-11-17;Левітана;9;58;9;59
2025-11-18;Лазарева;12;17;12;17
2025-11-18;Левітана;12;40;12;41
2025-11-19;Лазарева;13;50;13;51
2025-11-19;Левітана;9;45;9;45
2025-11-20;Лазарева;20;33;20;33
2025-11-20;Левітана;7;37;7;37
2025-11-21;Лазарева;20;49;20;49
2025-11-21;Левітана;13;63;13;63
2025-11-22;Лазарева;18;64;18;64
2025-11-22;Левітана;15;66;15;66
2025-11-23;Лазарева;18;48;18;48
2025-11-23;Левітана;21;57;21;57
2025-11-24;Лазарева;15;35;15;35
2025-11-24;Левітана;8;40;8;40
2025-11-25;Лазарева;20;51;20;51
2025-11-25;Левітана;10;46;10;46
2025-11-26;Лазарева;15;40;15;43
2025-11-26;Левітана;9;44;9;45
2025-11-27;Лазарева;10;44;10;44
2025-11-27;Левітана;10;46;11;46
2025-11-28;Лазарева;19;74;19;74
2025-11-28;Левітана;17;92;17;92
2025-11-29;Лазарева;17;51;17;51
2025-11-29;Левітана;21;73;21;74
2025-11-30;Лазарева;15;44;15;44
2025-11-30;Левітана;15;67;15;67
2025-12-01;Лазарева;10;38;10;39
2025-12-01;Левітана;8;28;8;28
2025-12-02;Лазарева;10;35;10;35
2025-12-02;Левітана;10;45;10;45
2025-12-03;Лазарева;8;32;8;33
2025-12-03;Левітана;7;41;7;41
2025-12-04;Лазарева;13;39;13;39
2025-12-04;Левітана;8;36;8;36
2025-12-05;Лазарева;14;64;14;64
2025-12-05;Левітана;18;74;19;74
2025-12-06;Лазарева;21;59;21;59
2025-12-06;Левітана;20;93;20;95
2025-12-07;Лазарева;11;45;11;45
2025-12-07;Левітана;19;54;19;55
2025-12-08;Лазарева;6;45;6;45
2025-12-08;Левітана;11;29;11;29
2025-12-09;Лазарева;16;43;16;43
2025-12-09;Левітана;4;43;4;43
2025-12-10;Лазарева;14;45;14;45
2025-12-10;Левітана;11;30;11;30
2025-12-11;Лазарева;11;47;11;47
2025-12-11;Левітана;9;56;9;56
2025-12-12;Лазарева;19;57;19;57
2025-12-12;Левітана;21;57;21;57
2025-12-13;Лазарева;17;45;17;45
2025-12-13;Левітана;12;42;12;42
2025-12-14;Лазарева;24;50;24;50
2025-12-14;Левітана;18;43;18;43
2025-12-15;Лазарева;29;50;29;50
2025-12-15;Левітана;9;29;9;29
2025-12-16;Лазарева;28;60;28;60
2025-12-16;Левітана;14;46;14;46
2025-12-17;Лазарева;16;59;16;59
2025-12-17;Левітана;9;60;9;60
2025-12-18;Лазарева;21;49;21;49
2025-12-18;Левітана;13;53;13;53
2025-12-19;Лазарева;21;66;21;67
2025-12-19;Левітана;8;67;8;69
2025-12-20;Лазарева;16;65;16;65
2025-12-20;Левітана;11;64;12;65
2025-12-21;Лазарева;19;51;19;52
2025-12-21;Левітана;12;72;12;72
2025-12-22;Лазарева;14;46;14;46
2025-12-22;Левітана;7;39;7;40
2025-12-23;Лазарева;21;31;21;31
2025-12-23;Левітана;6;37;6;37
2025-12-24;Лазарева;18;39;18;39
2025-12-24;Левітана;14;43;14;43
2025-12-25;Лазарева;10;49;10;49
2025-12-25;Левітана;17;51;17;51
2025-12-26;Лазарева;18;50;18;50
2025-12-26;Левітана;14;63;14;63
2025-12-27;Лазарева;20;44;20;44
2025-12-27;Левітана;17;60;17;61
2025-12-28;Лазарева;12;46;12;46
2025-12-28;Левітана;12;57;13;57
2025-12-29;Лазарева;18;46;18;47
2025-12-29;Левітана;8;41;8;41
2025-12-30;Лазарева;10;49;10;49
2025-12-30;Левітана;14;42;14;42
2025-12-31;Лазарева;37;111;37;113
2025-12-31;Левітана;44;120;44;121
2026-01-01;Лазарева;25;29;25;29
2026-01-01;Левітана;24;28;24;28
2026-01-02;Лазарева;15;42;15;42
2026-01-02;Левітана;12;38;12;38
2026-01-03;Лазарева;15;42;16;42
2026-01-03;Левітана;4;55;4;55
2026-01-04;Лазарева;24;68;24;68
2026-01-05;Лазарева;20;47;22;47
2026-01-06;Лазарева;18;55;18;55
2026-01-07;Лазарева;19;45;19;45
2026-01-07;Левітана;19;50;19;51
2026-01-08;Лазарева;13;48;13;48
2026-01-08;Левітана;19;57;19;58
2026-01-09;Лазарева;18;55;18;55
2026-01-09;Левітана;9;58;9;58
2026-01-10;Лазарева;16;55;16;56
2026-01-10;Левітана;14;62;14;64
2026-01-11;Лазарева;11;46;11;46
2026-01-11;Левітана;10;49;10;49
2026-01-12;Лазарева;12;40;12;40
2026-01-12;Левітана;10;35;10;35
2026-01-13;Лазарева;9;35;9;35
2026-01-13;Левітана;12;38;12;38
2026-01-14;Лазарева;18;32;18;33
2026-01-14;Левітана;8;50;8;50
2026-01-15;Лазарева;14;53;14;53
2026-01-15;Левітана;9;44;9;44
2026-01-16;Лазарева;25;54;25;54
2026-01-16;Левітана;20;70;20;70
2026-01-17;Лазарева;16;70;16;70
2026-01-17;Левітана;15;60;15;61
2026-01-18;Лазарева;14;43;14;43
2026-01-18;Левітана;21;59;23;59
2026-01-19;Лазарева;11;42;11;43
2026-01-19;Левітана;13;40;13;40
2026-01-20;Лазарева;12;35;12;35
2026-01-20;Левітана;13;45;13;46
2026-01-21;Лазарева;11;36;11;36
2026-01-21;Левітана;14;43;14;43
2026-01-22;Лазарева;19;40;19;40
2026-01-22;Левітана;13;34;13;34
2026-01-23;Лазарева;21;49;21;50
2026-01-23;Левітана;24;67;24;67
2026-01-24;Лазарева;22;66;22;66
2026-01-24;Левітана;17;60;17;62
2026-01-25;Лазарева;15;62;15;62
2026-01-25;Левітана;15;66;15;66
2026-01-26;Лазарева;18;40;18;41
2026-01-26;Левітана;19;47;19;47
2026-01-27;Лазарева;19;38;20;38
2026-01-27;Левітана;21;37;21;38
2026-01-28;Лазарева;10;49;10;50
2026-01-28;Левітана;11;39;11;40
2026-01-29;Лазарева;11;50;11;50
2026-01-29;Левітана;12;44;13;44
2026-01-30;Лазарева;16;67;16;67
2026-01-30;Левітана;22;70;22;70
2026-01-31;Лазарева;27;59;27;59
2026-01-31;Левітана;26;55;28;56
2026-02-01;Лазарева;25;57;25;57
2026-02-01;Левітана;23;67;23;67
2026-02-02;Лазарева;18;36;18;36
2026-02-02;Левітана;14;47;14;47
2026-02-03;Лазарева;17;40;17;40
2026-02-03;Левітана;12;39;12;39
2026-02-04;Лазарева;16;42;16;42
2026-02-04;Левітана;12;61;12;61
2026-02-05;Лазарева;24;49;25;49
2026-02-05;Левітана;14;51;14;51
2026-02-06;Лазарева;29;63;29;63
2026-02-06;Левітана;37;78;37;78
2026-02-07;Лазарева;16;68;17;68
2026-02-07;Левітана;27;85;27;85
2026-02-08;Лазарева;23;64;23;64
2026-02-08;Левітана;22;58;22;58
2026-02-09;Лазарева;14;42;14;42
2026-02-09;Левітана;10;45;10;45
2026-02-10;Лазарева;11;43;11;43
2026-02-10;Левітана;9;49;9;50
2026-02-11;Лазарева;10;48;10;50
2026-02-11;Левітана;8;45;8;45
2026-02-12;Лазарева;22;47;22;48
2026-02-12;Левітана;10;42;10;42
2026-02-13;Лазарева;6;47;6;49
2026-02-13;Левітана;13;69;13;70
2026-02-14;Лазарева;65;129;65;130
2026-02-14;Левітана;39;131;39;131
2026-02-15;Лазарева;14;61;14;61
2026-02-15;Левітана;18;83;18;84
2026-02-16;Лазарева;15;33;15;34
2026-02-16;Левітана;13;43;13;43
2026-02-17;Лазарева;9;28;9;28
2026-02-17;Левітана;9;44;9;45
2026-02-18;Лазарева;16;56;17;57
2026-02-18;Левітана;15;53;15;54
2026-02-19;Лазарева;16;50;16;50
2026-02-19;Левітана;14;52;14;53
2026-02-20;Лазарева;13;63;13;63
2026-02-20;Левітана;12;66;12;68
2026-02-21;Лазарева;15;50;15;51
2026-02-21;Левітана;7;59;7;59
2026-02-22;Лазарева;17;40;17;40
2026-02-22;Левітана;15;63;15;64
2026-02-23;Лазарева;17;35;17;35
2026-02-23;Левітана;6;57;6;57
2026-02-24;Лазарева;9;40;9;40
2026-02-24;Левітана;13;44;13;44
2026-02-25;Лазарева;13;27;13;27
2026-02-25;Левітана;5;28;5;28
2026-02-26;Лазарева;10;41;11;41
2026-02-26;Левітана;10;58;10;58
2026-02-27;Лазарева;18;55;18;56
2026-02-27;Левітана;17;68;17;68
2026-02-28;Лазарева;13;41;13;41
2026-02-28;Левітана;13;67;13;68
2026-03-01;Лазарева;15;43;15;43
2026-03-01;Левітана;11;51;11;51
2026-03-02;Лазарева;10;41;10;41
2026-03-02;Левітана;6;25;6;25
2026-03-03;Лазарева;8;32;8;32
2026-03-03;Левітана;11;51;11;51
2026-03-04;Лазарева;11;39;12;39
2026-03-04;Левітана;10;55;10;55
2026-03-05;Лазарева;7;30;7;30
2026-03-05;Левітана;11;43;11;43
2026-03-06;Лазарева;17;76;17;76
2026-03-06;Левітана;16;56;16;57
2026-03-07;Лазарева;19;58;19;58
2026-03-07;Левітана;28;79;28;79
2026-03-08;Лазарева;43;131;43;133
2026-03-08;Левітана;40;149;40;149
2026-03-09;Лазарева;3;42;3;42
2026-03-09;Левітана;10;53;10;53
2026-03-10;Лазарева;9;30;9;31
2026-03-10;Левітана;4;24;4;24
2026-03-11;Лазарева;18;31;18;31
2026-03-11;Левітана;7;36;7;36
2026-03-12;Лазарева;13;45;13;47
2026-03-12;Левітана;7;52;7;52
2026-03-13;Лазарева;14;46;14;46
2026-03-13;Левітана;15;61;16;61
2026-03-14;Лазарева;15;58;15;58
2026-03-14;Левітана;14;63;14;64
2026-03-15;Лазарева;16;44;16;44
2026-03-15;Левітана;14;59;14;59
2026-03-16;Лазарева;7;30;7;30
2026-03-16;Левітана;7;28;7;28
2026-03-17;Лазарева;12;47;12;51
2026-03-17;Левітана;6;40;6;41
2026-03-18;Лазарева;12;30;12;31
2026-03-18;Левітана;11;42;11;42
2026-03-19;Лазарева;11;39;11;39
2026-03-19;Левітана;8;56;8;56
2026-03-20;Лазарева;17;52;17;52
2026-03-20;Левітана;13;56;13;56
2026-03-21;Лазарева;16;68;17;68
2026-03-21;Левітана;14;65;14;66
2026-03-22;Лазарева;16;42;16;42
2026-03-22;Левітана;10;68;10;69
2026-03-23;Лазарева;14;47;14;47
2026-03-23;Левітана;6;44;6;45
2026-03-24;Лазарева;14;36;14;36
2026-03-24;Левітана;12;49;12;50
2026-03-25;Лазарева;7;41;7;45
2026-03-25;Левітана;12;48;12;48
2026-03-26;Лазарева;13;47;13;47
2026-03-26;Левітана;8;45;8;45
2026-03-27;Лазарева;14;72;14;76
2026-03-27;Левітана;13;71;13;72
2026-03-28;Лазарева;18;60;18;60
2026-03-28;Левітана;10;67;10;67
2026-03-29;Лазарева;16;50;16;50
2026-03-29;Левітана;11;56;11;56
2026-03-30;Лазарева;8;51;8;51
2026-03-30;Левітана;12;41;12;41
2026-03-31;Лазарева;12;37;12;38
2026-03-31;Левітана;9;52;9;52
2026-04-01;Лазарева;8;48;8;52
2026-04-01;Левітана;14;46;14;46
2026-04-02;Лазарева;15;48;15;51
2026-04-02;Левітана;13;55;13;56
2026-04-03;Лазарева;17;53;17;53
2026-04-03;Левітана;21;66;21;66
2026-04-04;Лазарева;19;46;20;50
2026-04-04;Левітана;15;79;15;80
2026-04-05;Лазарева;13;49;13;52
2026-04-05;Левітана;15;49;15;49
2026-04-06;Лазарева;9;40;9;43
2026-04-06;Левітана;4;33;4;33
2026-04-07;Лазарева;16;28;16;28
2026-04-07;Левітана;2;57;2;57
2026-04-08;Лазарева;15;47;15;47
2026-04-08;Левітана;8;59;8;59
2026-04-09;Лазарева;12;49;12;54
2026-04-09;Левітана;11;62;11;62
2026-04-10;Лазарева;13;64;13;69
2026-04-10;Левітана;12;73;12;74
2026-04-11;Лазарева;16;42;16;45
2026-04-11;Левітана;6;57;6;57
2026-04-12;Лазарева;26;44;26;44
2026-04-12;Левітана;14;58;14;58
2026-04-13;Лазарева;12;41;12;42
2026-04-13;Левітана;8;40;8;40
2026-04-14;Лазарева;8;45;8;46
2026-04-14;Левітана;8;37;8;38
2026-04-15;Лазарева;16;38;16;38
2026-04-15;Левітана;12;47;12;47
2026-04-16;Лазарева;5;52;5;57
2026-04-16;Левітана;6;55;6;56
2026-04-17;Лазарева;18;58;18;61
2026-04-17;Левітана;10;57;10;58
2026-04-18;Лазарева;21;44;21;44
2026-04-18;Левітана;18;74;18;74
2026-04-19;Лазарева;22;46;22;46
2026-04-19;Левітана;8;55;8;55
2026-04-20;Лазарева;14;34;14;34
2026-04-20;Левітана;11;48;11;50
2026-04-21;Лазарева;12;38;12;41
2026-04-21;Левітана;5;39;5;40
2026-04-22;Лазарева;16;48;16;52
2026-04-22;Левітана;12;45;12;46
2026-04-23;Лазарева;14;50;14;54
2026-04-23;Левітана;11;54;11;54
2026-04-24;Лазарева;18;64;18;64
2026-04-24;Левітана;12;60;12;60
2026-04-25;Лазарева;30;58;31;58
2026-04-25;Левітана;13;67;13;67
2026-04-26;Лазарева;22;56;22;56
2026-04-26;Левітана;15;81;16;81
2026-04-27;Лазарева;12;37;12;37
2026-04-27;Левітана;11;41;11;41
2026-04-28;Лазарева;10;41;10;44
2026-04-28;Левітана;8;48;8;50
2026-04-29;Лазарева;13;57;13;60
2026-04-29;Левітана;8;41;8;41
2026-04-30;Лазарева;9;51;9;52
2026-04-30;Левітана;9;51;9;52
2026-05-01;Лазарева;17;66;17;68
2026-05-01;Левітана;12;67;12;67
2026-05-02;Лазарева;24;46;24;46
2026-05-02;Левітана;13;53;13;53
2026-05-03;Лазарева;7;47;7;51
2026-05-03;Левітана;7;59;7;60
2026-05-04;Лазарева;14;34;14;38
2026-05-04;Левітана;8;32;8;32
2026-05-05;Лазарева;15;46;15;46
2026-05-05;Левітана;13;33;13;34
2026-05-06;Лазарева;13;49;13;49
2026-05-06;Левітана;15;56;15;56
2026-05-07;Лазарева;11;44;11;45
2026-05-07;Левітана;16;60;16;61
2026-05-08;Лазарева;21;56;22;56
2026-05-08;Левітана;13;72;13;72
2026-05-09;Лазарева;16;50;16;50
2026-05-09;Левітана;24;64;24;64
2026-05-10;Лазарева;20;54;20;56
2026-05-10;Левітана;22;72;22;72
2026-05-11;Лазарева;14;34;14;35
2026-05-11;Левітана;8;50;8;50
2026-05-12;Лазарева;14;39;14;39
2026-05-12;Левітана;20;61;20;62
2026-05-13;Лазарева;9;47;9;48
2026-05-13;Левітана;12;64;12;64
2026-05-14;Лазарева;5;48;5;49
2026-05-14;Левітана;11;53;11;53
2026-05-15;Лазарева;16;54;16;55
2026-05-15;Левітана;9;70;9;72
2026-05-16;Лазарева;21;52;22;52
2026-05-16;Левітана;19;59;19;59
2026-05-17;Лазарева;19;48;19;49
2026-05-17;Левітана;14;52;14;52
2026-05-18;Лазарева;9;48;9;48
2026-05-18;Левітана;13;36;13;36
2026-05-19;Лазарева;14;42;14;42
2026-05-19;Левітана;12;51;12;51
2026-05-20;Лазарева;17;37;17;37
2026-05-20;Левітана;12;53;12;54
2026-05-21;Лазарева;17;39;17;39
2026-05-21;Левітана;4;41;4;42
2026-05-22;Лазарева;13;54;13;55
2026-05-22;Левітана;7;65;7;66
2026-05-23;Лазарева;19;47;19;47
2026-05-23;Левітана;16;62;17;62
2026-05-24;Лазарева;14;37;14;37
2026-05-24;Левітана;13;59;13;59
2026-05-25;Лазарева;7;28;7;28
2026-05-25;Левітана;10;35;10;37
2026-05-26;Лазарева;13;35;13;35
2026-05-26;Левітана;15;38;15;45
2026-05-27;Лазарева;7;38;7;39
2026-05-27;Левітана;10;52;10;52
2026-05-28;Лазарева;6;42;6;42
2026-05-28;Левітана;16;50;16;50
2026-05-29;Лазарева;15;54;16;55
2026-05-29;Левітана;16;68;16;69
2026-05-30;Лазарева;16;52;16;52
2026-05-30;Левітана;18;74;18;74
2026-05-31;Лазарева;16;43;16;43
2026-05-31;Левітана;14;61;14;61
2026-06-01;Лазарева;9;33;9;33
2026-06-01;Левітана;21;34;21;34
2026-06-02;Лазарева;8;44;8;45
2026-06-02;Левітана;11;50;11;50
2026-06-03;Лазарева;8;43;8;43
2026-06-03;Левітана;25;48;26;49
2026-06-04;Лазарева;8;39;8;39
2026-06-04;Левітана;14;46;14;46
2026-06-05;Лазарева;15;51;16;52
2026-06-05;Левітана;14;65;14;66
2026-06-06;Лазарева;11;52;11;52
2026-06-06;Левітана;24;64;24;64
2026-06-07;Лазарева;17;48;18;48
2026-06-07;Левітана;16;64;16;64
2026-06-08;Лазарева;10;33;11;34
2026-06-08;Левітана;9;48;9;48
2026-06-09;Лазарева;14;37;14;37
2026-06-09;Левітана;18;42;18;43
2026-06-10;Лазарева;16;37;16;37
2026-06-10;Левітана;10;43;10;44
2026-06-11;Лазарева;13;40;13;40
2026-06-11;Левітана;9;57;9;57
2026-06-12;Лазарева;18;43;19;44
2026-06-12;Левітана;9;58;9;58
2026-06-13;Лазарева;20;52;20;53
2026-06-13;Левітана;10;57;10;57
2026-06-14;Лазарева;14;45;14;45
2026-06-14;Левітана;21;52;21;53
2026-06-15;Лазарева;13;38;13;38
2026-06-15;Левітана;13;41;13;41
2026-06-16;Лазарева;12;28;12;28
2026-06-16;Левітана;17;39;17;40
2026-06-17;Лазарева;12;44;12;45
2026-06-17;Левітана;11;43;11;44
2026-06-18;Лазарева;15;32;15;32
2026-06-18;Левітана;16;49;16;49
2026-06-19;Лазарева;15;41;15;43
2026-06-19;Левітана;20;56;20;57
2026-06-20;Лазарева;22;42;22;42
2026-06-20;Левітана;20;66;20;66
2026-06-21;Лазарева;14;41;14;41
2026-06-21;Левітана;15;54;15;54
2026-06-22;Лазарева;12;33;12;33
2026-06-22;Левітана;11;35;11;35
2026-06-23;Лазарева;11;31;11;32
2026-06-23;Левітана;12;39;13;39
2026-06-24;Лазарева;17;39;17;39
2026-06-24;Левітана;10;43;10;43
2026-06-25;Лазарева;10;56;10;56
2026-06-25;Левітана;15;48;15;49
2026-06-26;Лазарева;11;55;11;55
2026-06-26;Левітана;18;59;18;61
2026-06-27;Лазарева;11;44;11;44
2026-06-27;Левітана;18;49;18;49
2026-06-28;Лазарева;11;47;11;47
2026-06-28;Левітана;6;46;6;46
2026-06-29;Лазарева;16;36;16;36
2026-06-29;Левітана;17;49;17;49
2026-06-30;Лазарева;12;40;12;42
2026-06-30;Левітана;5;45;5;45
2026-07-01;Лазарева;11;48;11;48
2026-07-01;Левітана;10;49;10;49
2026-07-02;Лазарева;16;40;16;40
2026-07-02;Левітана;16;31;16;32
2026-07-03;Лазарева;13;55;13;55
2026-07-03;Левітана;19;68;19;69
2026-07-04;Лазарева;14;58;14;58
2026-07-04;Левітана;12;53;12;54
2026-07-05;Лазарева;8;54;8;54
2026-07-05;Левітана;21;62;21;62
2026-07-06;Лазарева;12;39;12;39
2026-07-06;Левітана;9;36;9;36
2026-07-07;Лазарева;11;32;11;32
2026-07-07;Левітана;22;51;22;51
2026-07-08;Лазарева;10;42;10;42
2026-07-08;Левітана;16;51;16;52
2026-07-09;Лазарева;5;38;5;38
2026-07-09;Левітана;13;42;13;42
2026-07-10;Лазарева;14;48;14;48
2026-07-10;Левітана;13;72;13;73
2026-07-11;Лазарева;8;53;8;53
2026-07-11;Левітана;27;65;27;66
2026-07-12;Лазарева;13;48;13;50
2026-07-12;Левітана;21;66;21;67
2026-07-13;Лазарева;14;35;14;36
2026-07-13;Левітана;13;53;14;53
2026-07-14;Лазарева;10;39;10;39
2026-07-14;Левітана;16;46;16;46
2026-07-15;Лазарева;12;40;12;40
2026-07-15;Левітана;12;51;12;52
2026-07-16;Лазарева;5;59;5;59
2026-07-16;Левітана;12;56;13;57
2026-07-17;Лазарева;12;50;12;51
2026-07-17;Левітана;19;57;19;58
2026-07-18;Лазарева;23;41;24;41
2026-07-18;Левітана;22;53;22;54
2026-07-19;Лазарева;12;42;12;43
2026-07-19;Левітана;11;53;11;53
2026-07-20;Лазарева;9;45;9;45
2026-07-20;Левітана;8;44;8;44
2026-07-21;Лазарева;13;36;13;36
2026-07-21;Левітана;11;46;11;46
2026-07-22;Лазарева;11;37;11;37
2026-07-22;Левітана;20;49;21;50
2026-07-23;Лазарева;13;38;13;38
2026-07-23;Левітана;18;37;18;37
2026-07-24;Лазарева;15;52;15;54
2026-07-24;Левітана;17;66;17;66
2026-07-25;Лазарева;17;36;17;36
2026-07-25;Левітана;17;66;17;66
2026-07-26;Лазарева;12;49;12;50
2026-07-26;Левітана;15;48;15;48
2026-07-27;Лазарева;7;43;7;43
2026-07-27;Левітана;8;46;8;46
2026-07-28;Лазарева;6;35;6;35
2026-07-28;Левітана;12;43;12;43
2026-07-29;Лазарева;7;31;7;32
2026-07-29;Левітана;12;43;12;44
2026-07-30;Лазарева;8;45;8;45
2026-07-30;Левітана;11;51;11;52
2026-07-31;Лазарева;11;55;11;55
2026-07-31;Левітана;20;57;20;57
2026-08-01;Лазарева;9;40;9;41
2026-08-01;Левітана;17;70;18;70
2026-08-02;Лазарева;9;37;9;37
2026-08-02;Левітана;25;43;25;43
2026-08-03;Лазарева;14;40;14;40
2026-08-03;Левітана;12;37;12;37
2026-08-04;Лазарева;15;33;15;33
2026-08-04;Левітана;6;49;6;49
2026-08-05;Лазарева;8;34;8;35
2026-08-05;Левітана;14;43;16;43
2026-08-06;Лазарева;10;45;10;45
2026-08-06;Левітана;13;51;13;52
2026-08-07;Лазарева;11;55;11;55
2026-08-07;Левітана;10;70;10;71
2026-08-08;Лазарева;10;46;10;46
2026-08-08;Левітана;28;68;28;68
2026-08-09;Лазарева;13;44;13;44
2026-08-09;Левітана;15;50;15;50
2026-08-10;Лазарева;11;32;11;33
2026-08-10;Левітана;15;50;15;50
2026-08-11;Лазарева;11;50;11;50
2026-08-11;Левітана;11;49;11;49
2026-08-12;Лазарева;8;41;8;41
2026-08-12;Левітана;17;49;17;49
2026-08-13;Лазарева;8;40;8;40
2026-08-13;Левітана;19;46;19;46
2026-08-14;Лазарева;10;55;10;55
2026-08-14;Левітана;15;69;15;70
2026-08-15;Лазарева;15;45;15;45
2026-08-15;Левітана;16;57;16;58
2026-08-16;Лазарева;18;37;18;37
2026-08-16;Левітана;18;45;19;45
2026-08-17;Лазарева;14;31;14;32
2026-08-17;Левітана;18;38;18;39
2026-08-18;Лазарева;8;47;8;48
2026-08-18;Левітана;14;42;14;42
2026-08-19;Лазарева;11;25;11;27
2026-08-19;Левітана;10;45;10;46
2026-08-20;Лазарева;12;33;12;33
2026-08-20;Левітана;10;41;10;41
2026-08-21;Лазарева;17;52;17;54
2026-08-21;Левітана;17;47;17;53
2026-08-22;Лазарева;11;37;11;37
2026-08-22;Левітана;13;63;13;63
2026-08-23;Лазарева;14;43;14;43
2026-08-23;Левітана;19;55;19;56
2026-08-24;Лазарева;7;48;7;48
2026-08-24;Левітана;12;48;13;48
2026-08-25;Лазарева;14;32;14;33
2026-08-25;Левітана;11;50;11;51
2026-08-26;Лазарева;12;39;12;41
2026-08-26;Левітана;10;54;10;55
2026-08-27;Лазарева;11;34;11;34
2026-08-27;Левітана;9;44;9;45
2026-08-28;Лазарева;14;48;15;50
2026-08-28;Левітана;11;51;11;53
2026-08-29;Лазарева;12;41;12;41
2026-08-29;Левітана;18;63;18;63
2026-08-30;Лазарева;9;41;9;41
2026-08-30;Левітана;12;56;12;58
2026-08-31;Лазарева;10;30;10;30
2026-08-31;Левітана;7;38;7;39
2026-09-01;Лазарева;17;42;17;42
2026-09-01;Левітана;15;62;15;63
2026-09-02;Лазарева;6;22;6;22
2026-09-02;Левітана;14;56;14;57
2026-09-03;Лазарева;12;29;12;29
2026-09-03;Левітана;7;48;7;48
2026-09-04;Лазарева;13;38;13;38
2026-09-04;Левітана;14;53;14;53
2026-09-05;Лазарева;12;44;12;44
2026-09-05;Левітана;21;50;21;50
2026-09-06;Лазарева;11;39;11;39
2026-09-06;Левітана;12;52;12;52
2026-09-07;Лазарева;11;34;11;35
2026-09-07;Левітана;7;41;7;43
2026-09-08;Лазарева;10;34;10;34
2026-09-08;Левітана;12;37;12;37
2026-09-09;Лазарева;6;44;6;44
2026-09-09;Левітана;10;36;10;36
2026-09-10;Лазарева;13;30;13;30
2026-09-10;Левітана;15;41;15;42
